{
	"info": {
		"_postman_id": "87c26c27-cf7c-4c7d-a510-0efd9cb30fda",
		"name": "gateways",
		"schema": "https://schema.getpostman.com/json/collection/v2.1.0/collection.json"
	},
	"item": [
		{
			"name": "create",
			"request": {
				"method": "PUT",
				"header": [
					{
						"key": "Content-Type",
						"name": "Content-Type",
						"type": "text",
						"value": "application/json"
					}
				],
				"body": {
					"mode": "raw",
					"raw": "{\n\t\"serialNumber\":\"8806204\",\n\t\"name\":\"test18\",\n\t\"ipv4\":\"116.116.127.173\"\n}",
					"options": {
						"raw": {
							"language": "json"
						}
					}
				},
				"url": {
					"raw": "http://localhost:8080/gateways/create",
					"protocol": "http",
					"host": [
						"localhost"
					],
					"port": "8080",
					"path": [
						"gateways",
						"create"
					]
				}
			},
			"response": []
		},
		{
			"name": "update",
			"request": {
				"method": "PUT",
				"header": [
					{
						"key": "Content-Type",
						"name": "Content-Type",
						"type": "text",
						"value": "application/json"
					}
				],
				"body": {
					"mode": "raw",
					"raw": "{\n\t\"serialNumber\":\"8806204\",\n\t\"name\":\"test17.2\",\n\t\"ipv4\":\"116.116.127.173\"\n}",
					"options": {
						"raw": {
							"language": "json"
						}
					}
				},
				"url": {
					"raw": "http://localhost:8080/gateways/update/5",
					"protocol": "http",
					"host": [
						"localhost"
					],
					"port": "8080",
					"path": [
						"gateways",
						"update",
						"5"
					]
				}
			},
			"response": []
		},
		{
			"name": "getAll",
			"request": {
				"method": "GET",
				"header": [],
				"url": {
					"raw": "http://localhost:8080/gateways/getAll",
					"protocol": "http",
					"host": [
						"localhost"
					],
					"port": "8080",
					"path": [
						"gateways",
						"getAll"
					]
				},
				"description": "get all gateways"
			},
			"response": []
		},
		{
			"name": "getGatewayById",
			"request": {
				"method": "GET",
				"header": [],
				"url": {
					"raw": "http://localhost:8080/gateways/getOneById/1",
					"protocol": "http",
					"host": [
						"localhost"
					],
					"port": "8080",
					"path": [
						"gateways",
						"getOneById",
						"1"
					]
				},
				"description": "displaying information about signle gateway by given id"
			},
			"response": []
		}
	],
	"protocolProfileBehavior": {}
}